{
  "model_type": "random_forest",
  "n_estimators": 200,
  "max_depth": 8,
  "train_samples": 20,
  "cv_roc_auc_mean": 0.7212,
  "cv_roc_auc_std": 0.2012,
  "val_roc_auc": 0.6944,
  "val_accuracy": 0.95,
  "val_f1": 0.973,
  "val_precision": 0.9474,
  "val_recall": 1.0,
  "test_roc_auc": 0.7829,
  "test_accuracy": 0.9,
  "test_f1": 0.9429,
  "test_precision": 0.9429,
  "test_recall": 0.9429,
  "classification_report": {
    "0": {
      "precision": 0.6,
      "recall": 0.6,
      "f1-score": 0.6,
      "support": 5.0
    },
    "1": {
      "precision": 0.9428571428571428,
      "recall": 0.9428571428571428,
      "f1-score": 0.9428571428571428,
      "support": 35.0
    },
    "accuracy": 0.9,
    "macro avg": {
      "precision": 0.7714285714285714,
      "recall": 0.7714285714285714,
      "f1-score": 0.7714285714285714,
      "support": 40.0
    },
    "weighted avg": {
      "precision": 0.9,
      "recall": 0.9,
      "f1-score": 0.9,
      "support": 40.0
    }
  }
}